Seed,T1,D1,Ratio1,a_1,T2,D2,Ratio2,a_2,t,diff1,diff2,task1_gen_t,task2_gen_t,H,m,Command
310,23497,20657.632459,0.879160,1.1374488362182795,9753,8058.193935,0.826227,0.94425147888129379,20657.632459,0.000000,2846.438524,1,0,229166241,4,../edf_hull --num=2 --period-min=4 --period-max=300000 --num-repeat=1000 -s --eps 1e-9 --relative-dl-var=0.3 --relative-dl-avg=1 -e --rand-seed=310
310,23497,20657.632459,0.879160,1.0419704216638979,9753,8058.193935,0.826227,1.0091552490022266,67651.632459,0.000000,1075.438524,1,0,229166241,4,../edf_hull --num=2 --period-min=4 --period-max=300000 --num-repeat=1000 -s --eps 1e-9 --relative-dl-var=0.3 --relative-dl-avg=1 -e --rand-seed=310
310,23497,20657.632459,0.879160,0,9753,8058.193935,0.826227,1.2103208334865327,8058.193935,10897.561476,0.000000,0,1,229166241,4,../edf_hull --num=2 --period-min=4 --period-max=300000 --num-repeat=1000 -s --eps 1e-9 --relative-dl-var=0.3 --relative-dl-avg=1 -e --rand-seed=310
310,23497,20657.632459,0.879160,0.99838126999719179,9753,8058.193935,0.826227,1.0360059290848418,47070.193935,2915.561476,0.000000,0,1,229166241,4,../edf_hull --num=2 --period-min=4 --period-max=300000 --num-repeat=1000 -s --eps 1e-9 --relative-dl-var=0.3 --relative-dl-avg=1 -e --rand-seed=310
